<?xml version="1.0" encoding="UTF-8"?>
<project-private xmlns="http://www.netbeans.org/ns/project-private/1">
    <editor-bookmarks xmlns="http://www.netbeans.org/ns/editor-bookmarks/2" lastBookmarkId="0"/>
    <open-files xmlns="http://www.netbeans.org/ns/projectui-open-files/2">
        <group>
            <file>file:/C:/Users/12409864678/Documents/GitHub/Java/InfoE2_Joao_Gabriel/src/atividade_0204/Aluno.java</file>
            <file>file:/C:/Users/12409864678/Documents/GitHub/Java/InfoE2_Joao_Gabriel/src/sintaxe/EntradaSaidaPadrao.java</file>
            <file>file:/C:/Users/12409864678/Documents/GitHub/Java/InfoE2_Joao_Gabriel/src/atividade_0204/TesteAluno.java</file>
        </group>
    </open-files>
</project-private>
